{"_type":"export","__export_format":4,"__export_date":"2020-03-21T23:20:56.992Z","__export_source":"insomnia.desktop.app:v7.1.1","resources":[{"_id":"req_32744f33d372414c889bbad4dd3fb011","authentication":{},"body":{},"created":1584665360014,"description":"","headers":[],"isPrivate":false,"metaSortKey":-1584665360014,"method":"GET","modified":1584830478542,"name":"Late","parameters":[],"parentId":"fld_d89ecea27b4844268dfddad90c149d8e","settingDisableRenderRequestBody":false,"settingEncodeUrl":true,"settingFollowRedirects":"global","settingRebuildPath":true,"settingSendCookies":true,"settingStoreCookies":true,"url":"{{ URL  }}/task/filter/late/11:11:11:11:11:11","_type":"request"},{"_id":"fld_d89ecea27b4844268dfddad90c149d8e","created":1584625456692,"description":"","environment":{},"environmentPropertyOrder":null,"metaSortKey":-1584625456692,"modified":1584625456692,"name":"TASK","parentId":"wrk_2ff810c1dedf43bb95aa245e141777e2","_type":"request_group"},{"_id":"wrk_2ff810c1dedf43bb95aa245e141777e2","created":1559073387662,"description":"","modified":1584625440654,"name":"BACKEND","parentId":null,"_type":"workspace"},{"_id":"req_4ddafb3af41f4f29bd22453f9566edc1","authentication":{},"body":{},"created":1584666094229,"description":"","headers":[],"isPrivate":false,"metaSortKey":-1584665019552.5,"method":"GET","modified":1584830488085,"name":"Today","parameters":[],"parentId":"fld_d89ecea27b4844268dfddad90c149d8e","settingDisableRenderRequestBody":false,"settingEncodeUrl":true,"settingFollowRedirects":"global","settingRebuildPath":true,"settingSendCookies":true,"settingStoreCookies":true,"url":"{{ URL  }}/task/filter/today/11:11:11:11:11:11","_type":"request"},{"_id":"req_18205048539a4cbfad941d9f4c425c93","authentication":{},"body":{},"created":1584666353955,"description":"","headers":[],"isPrivate":false,"metaSortKey":-1584664849321.75,"method":"GET","modified":1584830498933,"name":"Week","parameters":[],"parentId":"fld_d89ecea27b4844268dfddad90c149d8e","settingDisableRenderRequestBody":false,"settingEncodeUrl":true,"settingFollowRedirects":"global","settingRebuildPath":true,"settingSendCookies":true,"settingStoreCookies":true,"url":"{{ URL  }}/task/filter/week/11:11:11:11:11:11","_type":"request"},{"_id":"req_d2f55bd015b4417d9928f0f06edf4bca","authentication":{},"body":{},"created":1584666564652,"description":"","headers":[],"isPrivate":false,"metaSortKey":-1584664764206.375,"method":"GET","modified":1584830508952,"name":"Month","parameters":[],"parentId":"fld_d89ecea27b4844268dfddad90c149d8e","settingDisableRenderRequestBody":false,"settingEncodeUrl":true,"settingFollowRedirects":"global","settingRebuildPath":true,"settingSendCookies":true,"settingStoreCookies":true,"url":"{{ URL  }}/task/filter/month/11:11:11:11:11:11","_type":"request"},{"_id":"req_68326b210e914ee4963d369aec87486f","authentication":{},"body":{},"created":1584666806948,"description":"","headers":[],"isPrivate":false,"metaSortKey":-1584664721648.6875,"method":"GET","modified":1584830517325,"name":"Year","parameters":[{"description":"","id":"pair_4043eee5a4f3434e92883b9ea77c1470","name":"macaddress","value":""}],"parentId":"fld_d89ecea27b4844268dfddad90c149d8e","settingDisableRenderRequestBody":false,"settingEncodeUrl":true,"settingFollowRedirects":"global","settingRebuildPath":true,"settingSendCookies":true,"settingStoreCookies":true,"url":"{{ URL  }}/task/filter/year/11:11:11:11:11:11","_type":"request"},{"_id":"req_aeb8c4bbad9a4fe79da48a4300499341","authentication":{},"body":{},"created":1584664679090,"description":"","headers":[],"isPrivate":false,"metaSortKey":-1584664679091,"method":"PUT","modified":1584664747653,"name":"Done","parameters":[],"parentId":"fld_d89ecea27b4844268dfddad90c149d8e","settingDisableRenderRequestBody":false,"settingEncodeUrl":true,"settingFollowRedirects":"global","settingRebuildPath":true,"settingSendCookies":true,"settingStoreCookies":true,"url":"{{ URL  }}/task/5e73b772f53eeb56ed1fad6d/true","_type":"request"},{"_id":"req_cb5be984b75a40ddae11d1926a7b87df","authentication":{},"body":{},"created":1584664059464,"description":"","headers":[],"isPrivate":false,"metaSortKey":-1584664059464,"method":"DELETE","modified":1584664115479,"name":"Delete","parameters":[],"parentId":"fld_d89ecea27b4844268dfddad90c149d8e","settingDisableRenderRequestBody":false,"settingEncodeUrl":true,"settingFollowRedirects":"global","settingRebuildPath":true,"settingSendCookies":true,"settingStoreCookies":true,"url":"{{ URL  }}/task/5e73bd621b7bf657cbb8bcec","_type":"request"},{"_id":"req_35f30e7212aa4fcc970f23d419c235a0","authentication":{},"body":{},"created":1584644837388,"description":"","headers":[],"isPrivate":false,"metaSortKey":-1584644837388,"method":"GET","modified":1584822227434,"name":"Show","parameters":[],"parentId":"fld_d89ecea27b4844268dfddad90c149d8e","settingDisableRenderRequestBody":false,"settingEncodeUrl":true,"settingFollowRedirects":"global","settingRebuildPath":true,"settingSendCookies":true,"settingStoreCookies":true,"url":"{{ URL  }}/task/5e73b772f53eeb56ed1fad6d","_type":"request"},{"_id":"req_627b2124430549228f28c57aa573b1fd","authentication":{},"body":{},"created":1584643379446,"description":"","headers":[],"isPrivate":false,"metaSortKey":-1584643379446,"method":"GET","modified":1584830261998,"name":"All","parameters":[],"parentId":"fld_d89ecea27b4844268dfddad90c149d8e","settingDisableRenderRequestBody":false,"settingEncodeUrl":true,"settingFollowRedirects":"global","settingRebuildPath":true,"settingSendCookies":true,"settingStoreCookies":true,"url":"{{ URL  }}/task/filter/all/11:11:11:11:11:11","_type":"request"},{"_id":"req_62d910ee4aa6444bbac9dffed1ad0984","authentication":{},"body":{"mimeType":"application/json","text":"{\n\t\"macaddress\" : \"11:11:11:11:11:11\",\n\t\"type\": 1,\n\t\"title\": \"Entregar Relatório\",\n\t\"description\": \"Verificar a planilha como referência\",\n\t\"when\": \"2021-04-15T16:30:00.000\"\n}"},"created":1584636172237,"description":"","headers":[{"id":"pair_f1f8959a0cfd41ebb59c06e698c8aba1","name":"Content-Type","value":"application/json"}],"isPrivate":false,"metaSortKey":-1584636172237,"method":"PUT","modified":1584666822294,"name":"Update","parameters":[],"parentId":"fld_d89ecea27b4844268dfddad90c149d8e","settingDisableRenderRequestBody":false,"settingEncodeUrl":true,"settingFollowRedirects":"global","settingRebuildPath":true,"settingSendCookies":true,"settingStoreCookies":true,"url":"{{ URL  }}/task/5e7417d788c96160760baf7a","_type":"request"},{"_id":"req_d652b4f972364e7cba13c03d26a3658d","authentication":{},"body":{"mimeType":"application/json","text":"{\n\t\"macaddress\" : \"11:11:11:11:11:11\",\n\t\"type\": 1,\n\t\"title\": \"Entregar Relatório\",\n\t\"description\": \"Verificar a planilha como referência\",\n\t\"when\": \"2020-03-27T22:30:00.000\"\n}"},"created":1584625489526,"description":"","headers":[{"id":"pair_ae37678a337a4af7b0e504781c4308fe","name":"Content-Type","value":"application/json"}],"isPrivate":false,"metaSortKey":-1584625489526,"method":"POST","modified":1584666582372,"name":"Create","parameters":[],"parentId":"fld_d89ecea27b4844268dfddad90c149d8e","settingDisableRenderRequestBody":false,"settingEncodeUrl":true,"settingFollowRedirects":"global","settingRebuildPath":true,"settingSendCookies":true,"settingStoreCookies":true,"url":"{{ URL  }}/task","_type":"request"},{"_id":"env_a14dda2b5083ea8adc0cee071a087920955ecca1","color":null,"created":1559073387697,"data":{},"dataPropertyOrder":{},"isPrivate":false,"metaSortKey":1559073387697,"modified":1561396420988,"name":"Base Environment","parentId":"wrk_2ff810c1dedf43bb95aa245e141777e2","_type":"environment"},{"_id":"jar_a14dda2b5083ea8adc0cee071a087920955ecca1","cookies":[],"created":1559073387699,"modified":1559073387699,"name":"Default Jar","parentId":"wrk_2ff810c1dedf43bb95aa245e141777e2","_type":"cookie_jar"},{"_id":"env_3e05e2b609da4c8591b5ceef5d1ab628","color":"#00f900","created":1584644422456,"data":{"URL":"http://localhost:3000"},"dataPropertyOrder":{"&":["URL"]},"isPrivate":false,"metaSortKey":1584644422456,"modified":1584820078873,"name":"Desenvolvimento","parentId":"env_a14dda2b5083ea8adc0cee071a087920955ecca1","_type":"environment"}]}